time_from_start,gpfour0_arm_joint_1,gpfour0_arm_joint_2,gpfour0_arm_joint_3,gpfour0_arm_joint_4,gpfour0_arm_joint_5,gpfour0_arm_joint_6,gpfour0_arm_fts_tool,gpfour1_arm_joint_1,gpfour1_arm_joint_2,gpfour1_arm_joint_3,gpfour1_arm_joint_4,gpfour1_arm_joint_5,gpfour1_arm_joint_6,gpfour1_arm_fts_tool,
0,0,0.436332,0,0,0.418879,0,0,0,-0.401426,0,0,-0.959931,0,0
0.214533,0,0.436332,0,0,0.244346,0,0,0,-0.401426,0,0.174533,-0.959931,0,0
0.409066,0,0.436332,0,0.174533,0.244346,0,0,0,-0.401426,0,0.349066,-0.959931,0,0
0.603599,0,0.436332,0,0.349066,0.244346,0,0,0,-0.401426,0,0.523599,-0.959931,0,0
0.838132,0,0.436332,0,0.349066,0.0698132,0,0,0,-0.401426,0,0.698132,-0.959931,0,0
1.10266,-0.174533,0.436332,0,0.349066,0.0698132,0,0,0,-0.226893,0,0.698132,-0.959931,0,0
1.3672,-0.174533,0.261799,0,0.349066,0.0698132,0,0,-0.0349066,-0.15708,0.0349066,0.820305,-0.942478,-0.10472,0
1.63682,-0.20944,0.244346,0,0.418879,0,0,0,-0.0698132,-0.0698132,0.0698132,0.959931,-0.925025,-0.20944,0
