time_from_start,gpfour0_arm_joint_1,gpfour0_arm_joint_2,gpfour0_arm_joint_3,gpfour0_arm_joint_4,gpfour0_arm_joint_5,gpfour0_arm_joint_6,gpfour0_arm_fts_tool,gpfour1_arm_joint_1,gpfour1_arm_joint_2,gpfour1_arm_joint_3,gpfour1_arm_joint_4,gpfour1_arm_joint_5,gpfour1_arm_joint_6,gpfour1_arm_fts_tool,
0,0,0,0,0,-1.55334,0,0,0,0,0,0,-1.55334,0,0
0.369066,0,0,0,-0.174533,-1.55334,0,0,0,0,0,0,-1.55334,-0.349066,0
0.748132,0,0,0,-0.349066,-1.55334,0,0,0,0,0,0,-1.55334,-0.698132,0
0.952665,0,0,0,-0.523599,-1.55334,0,0,0,0,0,0.174533,-1.55334,-0.698132,0
1.1272,0,0,0,-0.698132,-1.55334,0,0,0,0,0,0.349066,-1.55334,-0.698132,0
1.33173,0,0,0,-0.872665,-1.55334,0,0,0,0,0,0.523599,-1.55334,-0.698132,0
1.62608,0.0349066,0.0349066,-0.0349066,-1.11701,-1.48353,0,0,0,0,0,0.523599,-1.37881,-0.698132,0
1.94788,0.0698132,0.0523599,-0.0523599,-1.37881,-1.39626,0,0,0,0.174533,0,0.523599,-1.37881,-0.698132,0
2.32222,0.10472,0.0872665,-0.0872665,-1.62316,-1.32645,0,0,0.174533,0.279253,0.0349066,0.767945,-1.20428,-0.890118,0
